public_name,share_2025,share_2026
Division A,38.48685150153169,53.056819166016645
Division B,23.184968419701903,28.942085912699568
Division C,38.32818007876641,18.001094921283794
