year,total_order_value_index,order_count_index,average_order_value_index
2020,100.0,100.0,100.0
2021,102.31291601650338,76.53061224489795,133.6888769282311
2022,122.80573757560951,97.95918367346938,125.36419044176803
2023,101.86805946437372,89.28571428571429,114.09222660009857
2024,49.315292566388024,83.16326530612244,59.299370202527925
2025,68.81252369740632,92.3469387755102,74.51521903144553
