rank,customer_id,total_value_index,order_count_index,domestic_share_pct,overseas_share_pct
1,Customer_01,100.0,90.47619047619048,100.0,0.0
2,Customer_02,89.04306274516537,76.19047619047619,100.0,0.0
3,Customer_03,79.61686021883423,52.38095238095239,0.0,100.0
4,Customer_04,75.6924614296238,71.42857142857143,100.0,0.0
5,Customer_05,73.56084805636584,100.0,13.489365972361323,86.51063402763867
