year,top1_share,top3_share,top5_share,customer_count
2024,24.469708322799615,52.260763206602356,65.91415259918362,32
2025,30.78648377086041,52.46916348681246,66.66064243333601,37
2026,29.420020699191063,49.3975573683698,65.12626649563815,44
