public_name,share_2024,share_2025,share_2026
Employee A,36.25675179697076,38.48685150153168,53.45411168930904
Employee B,0.0,0.18825382783287978,18.001094921283794
Employee C,0.05502325453046531,9.71433454247386,16.465470763273924
Employee D,11.194254848111463,1.9716169447260932,11.429392805977978
Employee E,0.42637067363434156,11.499016932501945,0.6499298201552596
