public_name,order_count,top1_share,top3_share
Employee A,72,6.288956752025977,18.866870256077934
Employee B,22,26.276302553673258,57.57869497106758
Employee C,7,37.1212749025683,83.52310344658001
Employee D,17,35.47363542372277,88.51563335591287
Employee E,8,36.442006269592476,79.62382445141067
