year,market_type,share_pct
2024,Domestic,85.34174785902637
2024,Overseas,14.658252140973618
2025,Domestic,74.91176230824381
2025,Overseas,25.0882376917562
2026,Domestic,90.89339159223304
2026,Overseas,9.106608407766958
